{
  "generated_at": "2026-04-24T20:16:30.115427+00:00",
  "total_interactions": 78,
  "summary": {
    "enrich": {
      "n": 20,
      "p50_ms": 10640.0,
      "p95_ms": 14922.9,
      "mean_ms": 10890.7,
      "min_ms": 8533.1,
      "max_ms": 14922.9
    },
    "email_compose": {
      "n": 20,
      "p50_ms": 6101.1,
      "p95_ms": 7061.9,
      "mean_ms": 6150.7,
      "min_ms": 5512.1,
      "max_ms": 7061.9
    },
    "calcom_webhook": {
      "n": 20,
      "p50_ms": 8903.8,
      "p95_ms": 10146.6,
      "mean_ms": 8911.2,
      "min_ms": 8097.9,
      "max_ms": 10146.6
    },
    "sms_trigger": {
      "n": 8,
      "p50_ms": 5697.7,
      "p95_ms": 7473.0,
      "mean_ms": 5748.1,
      "min_ms": 4912.2,
      "max_ms": 7473.0
    },
    "health_check": {
      "n": 10,
      "p50_ms": 2048.3,
      "p95_ms": 2066.6,
      "mean_ms": 2050.1,
      "min_ms": 2036.8,
      "max_ms": 2066.6
    }
  },
  "raw_ms": {
    "enrich": [
      9639.581199968234,
      8533.096400031354,
      10295.052100031171,
      10725.776900013443,
      11401.362899981905,
      11222.00549999252,
      10451.895500009414,
      10639.960300002713,
      10253.748100018129,
      13987.695900024846,
      10344.38979998231,
      10730.997400009073,
      11326.186900027096,
      10858.436099952087,
      10036.11310000997,
      10279.489499982446,
      14922.92580002686,
      10187.287300010212,
      11342.541899997741,
      10634.468600037508
    ],
    "email_compose": [
      7061.9464999763295,
      5806.599700008519,
      5512.11810001405,
      6031.3256999943405,
      5602.880899969023,
      6196.884400036652,
      5895.141900051385,
      5984.39800000051,
      5743.776799994521,
      5831.656599999405,
      6590.140300046187,
      5889.338799985126,
      6504.395099997055,
      6625.788700010162,
      6101.10440000426,
      5898.230599996168,
      6405.805699992925,
      6364.768500032369,
      6275.172199995723,
      6691.99339998886
    ],
    "calcom_webhook": [
      9880.421499954537,
      9271.274200000335,
      8602.700199990068,
      8692.397799983155,
      10146.603899949696,
      8799.182799994014,
      9637.390000047162,
      8959.76860000519,
      8275.902699970175,
      8673.847700003535,
      8741.852099949028,
      8205.685299995821,
      9148.14370003296,
      9051.13000003621,
      8906.77370002959,
      8097.902100009378,
      8696.287100028712,
      9160.392399993725,
      8372.286199999508,
      8903.836099954788
    ],
    "sms_trigger": [
      5868.864900025073,
      5578.210700012278,
      5214.333200012334,
      4912.206300010439,
      5697.730100015178,
      7472.952799987979,
      5745.310199970845,
      5495.418099977542
    ],
    "health_check": [
      2036.7779999505728,
      2047.142099996563,
      2053.457800007891,
      2065.47309999587,
      2060.634299996309,
      2048.307900025975,
      2044.2115999758244,
      2039.1163000022061,
      2066.5612000157125,
      2039.3727999762632
    ]
  }
}